gw_bin,sigma,sigma_smoothed
1-6,168.31754014892576,215.17033342895508
7-12,262.02312670898436,207.52210279541018
13-18,192.2256415283203,205.64343998413085
19-24,162.6815517150879,168.64363854980468
25-30,151.02372240600585,139.55010958557128
31-34,104.94505463562011,97.75033711090087
35-38,37.282234291076655,71.11364446334838
