gw_bin,sigma,sigma_smoothed
1-6,187.93520489501952,220.70931580810546
7-12,253.4834267211914,214.76603596191407
13-18,202.87947626953124,208.10088145751953
19-24,167.93974138183592,176.69943939819336
25-30,159.27910054321288,144.8119641265869
31-34,107.21705045471191,104.2566445777893
35-38,46.27378273544311,76.7454165950775
