gw_bin,sigma,sigma_smoothed
1-6,183.97985540771484,219.49438736572264
7-12,255.00891932373045,213.59297456054685
13-18,201.7901489501953,208.60363283081054
19-24,169.01183021850585,175.7987852355957
25-30,156.59437653808592,143.11242770080563
31-34,103.73107634582519,101.75204047088623
35-38,44.93066852874755,74.33087243728636
