gw_bin,sigma,sigma_smoothed
1-6,177.8846718017578,219.93955647583007
7-12,261.99444114990234,213.16974945068355
13-18,199.6301354003906,206.1322407043457
19-24,156.77214556274413,171.0997075805664
25-30,156.89684177856444,139.47392770843504
31-34,104.75279578399658,101.69929380569458
35-38,43.4482438545227,74.10051981925965
