gw_bin,sigma,sigma_smoothed
1-6,162.12725079345702,218.91343692626953
7-12,275.699623059082,211.3469043334961
13-18,196.21383914794922,211.57655470581054
19-24,162.8162019104004,173.20912173461912
25-30,160.5973241455078,145.96290054626465
31-34,114.47517558288574,106.07974797058104
35-38,43.16674418334961,78.82095988311768
