gw_bin,sigma,sigma_smoothed
1-6,193.2294551147461,217.17574357910155
7-12,241.122032043457,214.23500623779296
13-18,208.35353155517578,199.3413493408203
19-24,148.5484844238281,169.62719729614255
25-30,151.97957590942383,134.10173858337401
31-34,101.77715541687012,101.59190559015273
35-38,51.01898544416427,76.39807043051718
