gw_bin,sigma,sigma_smoothed
1-6,173.04875709228514,222.13124177856443
7-12,271.2137264648437,212.34628387451167
13-18,192.77636806640623,207.08985877685544
19-24,157.2794817993164,167.08850269470213
25-30,151.2096582183838,137.04551867523193
31-34,102.6474160079956,97.57688595476151
35-38,38.87358363790512,70.76049982295037
