gw_bin,sigma,sigma_smoothed
1-6,162.6675708984375,220.26455390625
7-12,277.86153691406247,214.7189807861328
13-18,203.62783454589842,215.686175793457
19-24,165.56915592041014,176.08343134460446
25-30,159.05330356750488,146.84422739868162
31-34,115.91022270812988,106.34831312408447
35-38,44.08141309661865,79.99581790237424
